{"FLFR": [3830, 8747, 0.43786441065508175], "RVFCR": [105, 340, 0.3088235294117647], "WWS": [192191, 220674, 0.8709272501518076], "TUFCR": [488, 1655, 0.2948640483383686], "BFBS": [54313, 76981, 0.7055377300892428], "RVFCB": [6081, 12813, 0.4745961133224069], "FLDK": [26306, 98119, 0.2681030177641435], "3B": [26656, 456470, 0.05839595154117467], "TUFCB": [8198, 22214, 0.3690465472224723], "vpip": 0.2262845294659183, "F3B": [13927, 31736, 0.43883917317872445], "RVDK": [10538, 34809, 0.3027377976959982], "RVFR": [945, 2233, 0.4231974921630094], "VPIP": 302086, "VPIP1": 58168, "VPIP0": 61771, "TUCB": [21732, 41968, 0.5178231033168128], "RVR": [2449, 22370, 0.10947697809566384], "PFR": 193574, "WAS": [28483, 61943, 0.4598259690360493], "BSA": [97298, 353039, 0.27560127917878763], "TUCR": [1351, 35603, 0.037946240485352355], "FLFCB": [24450, 47182, 0.5182060955449111], "FLR": [10664, 75179, 0.14184812248101197], "PFR5": 37856, "VPIP5": 51306, "FLCB": [43208, 64844, 0.6663376719511442], "FLFCR": [1644, 3951, 0.4160971905846621], "pfr": 0.14500109739225145, "TUFDK": [10546, 18456, 0.5714130905938448], "4B": [3234, 57889, 0.055865535766725975], "FLCR": [2926, 60183, 0.04861838060581892], "NAME": "", "PFR4": 33953, "TUFR": [1210, 3460, 0.34971098265895956], "PFR0": 43297, "PFR1": 32070, "PFR2": 12521, "PFR3": 33877, "TUR": [4707, 37920, 0.12412974683544303], "RVFDK": [7324, 11499, 0.6369249499956517], "BSAS": [24429, 80721, 0.30263500204407773], "RVCB": [12598, 28212, 0.4465475684106054], "VPIP2": 43899, "VPIP3": 42272, "TUDK": [15796, 53047, 0.29777367240371744], "F4B": [1325, 3485, 0.3802008608321377], "BSAC": [34863, 153590, 0.22698743407773944], "VPIP4": 44670, "HANDS": 1334983, "BSAB": [38006, 118728, 0.3201098308739303], "SFBS": [52551, 65919, 0.7972056614936514], "FLFDK": [19018, 34126, 0.5572876985289809], "RVCR": [305, 23515, 0.012970444397193281]}